No. Data Points,Actual,Mira,OSARG,RRab,RRc,SRV,clasCep,contactBinary,detachedBinary,dsct,t2Cep,All
0 < 100,Mira,856,12,0,0,183,51,1833,18,0,194,3147
0 < 100,OSARG,0,383,0,6,25,5,12,2,0,1,434
0 < 100,RRab,27,0,103,14,12,93,4641,4,0,642,5536
0 < 100,RRc,6,0,4,44,3,9,1032,3,0,102,1203
0 < 100,SRV,1293,66,19,17,886,188,12875,51,0,3915,19310
0 < 100,clasCep,36,7,40,28,46,776,242,31,0,35,1241
0 < 100,contactBinary,122,106,2684,819,281,48,13084,5517,0,181,22842
0 < 100,detachedBinary,46,4,71,24,34,115,8694,3316,0,690,12994
0 < 100,dsct,0,0,3,0,3,3,306,0,0,27,342
0 < 100,t2Cep,4,1,0,0,1,6,98,0,0,307,417
100 < 200,Mira,961,0,0,0,4,0,13,0,0,4,982
100 < 200,OSARG,0,5390,0,0,263,0,3,0,0,0,5656
100 < 200,RRab,0,3,37,6,2,28,72,0,0,12,160
100 < 200,RRc,0,0,0,15,0,5,24,1,0,3,48
100 < 200,SRV,18,176,4,2,2648,30,825,2,0,77,3782
100 < 200,clasCep,0,1,1,3,2,1273,8,2,1,22,1313
100 < 200,contactBinary,2,34,92,45,4,7,735,271,1,11,1202
100 < 200,detachedBinary,3,0,8,7,0,38,173,143,0,28,400
100 < 200,dsct,0,1,0,0,0,0,12,0,2,3,18
100 < 200,t2Cep,0,4,0,0,1,26,5,1,0,208,245
1000 < 1100,Mira,175,0,0,0,0,0,0,0,0,0,175
1000 < 1100,RRab,0,0,24,0,0,0,0,0,0,0,24
1000 < 1100,RRc,0,0,1,5,0,0,0,0,0,0,6
1000 < 1100,SRV,0,0,0,0,2,0,0,0,0,0,2
1000 < 1100,contactBinary,0,0,0,0,0,0,1,0,0,0,1
1000 < 1100,dsct,0,0,0,0,0,0,0,0,142,0,142
1000 < 1100,t2Cep,0,0,0,0,0,0,0,0,0,2,2
10000 < 10100,RRab,0,0,3,0,0,0,0,0,0,0,3
10100 < 10200,RRab,0,0,4,0,0,0,0,0,0,0,4
10200 < 10300,RRab,0,0,2,0,0,0,0,0,0,0,2
10200 < 10300,RRc,0,0,0,2,0,0,0,0,0,0,2
10200 < 10300,detachedBinary,0,0,0,0,0,0,0,1,0,0,1
10300 < 10400,contactBinary,0,0,0,0,0,0,1,0,0,0,1
10400 < 10500,RRab,0,0,2,0,0,0,0,0,0,0,2
10400 < 10500,RRc,0,0,0,2,0,0,0,0,0,0,2
10400 < 10500,contactBinary,0,0,0,0,0,0,1,0,0,0,1
10500 < 10600,RRab,0,0,1,0,0,0,0,0,0,0,1
10500 < 10600,contactBinary,0,0,0,0,0,0,1,0,0,0,1
10500 < 10600,detachedBinary,0,0,0,0,0,0,0,1,0,0,1
10600 < 10700,RRab,0,0,2,0,0,0,0,0,0,0,2
10600 < 10700,RRc,0,0,0,1,0,0,0,0,0,0,1
10700 < 10800,RRab,0,0,4,0,0,0,0,0,0,0,4
10700 < 10800,RRc,0,0,0,1,0,0,0,0,0,0,1
10800 < 10900,RRab,0,0,1,0,0,0,0,0,0,0,1
10900 < 11000,RRab,0,0,3,0,0,0,0,0,0,0,3
10900 < 11000,RRc,0,0,0,3,0,0,0,0,0,0,3
1100 < 1200,Mira,130,0,0,0,0,0,0,0,0,1,131
1100 < 1200,RRab,0,0,10,0,0,0,0,0,0,0,10
1100 < 1200,RRc,0,0,2,7,0,0,0,0,0,0,9
1100 < 1200,SRV,0,0,0,0,3,0,0,0,0,0,3
1100 < 1200,contactBinary,0,0,0,0,0,0,1,0,0,0,1
1100 < 1200,detachedBinary,0,0,0,0,0,0,0,1,0,0,1
1100 < 1200,dsct,0,0,0,0,0,0,0,1,40,0,41
1100 < 1200,t2Cep,0,0,1,0,0,0,0,0,0,3,4
11000 < 11100,RRab,0,0,3,0,0,0,0,0,0,0,3
11000 < 11100,RRc,0,0,0,2,0,0,0,0,0,0,2
11100 < 11200,RRab,0,0,5,0,0,0,0,0,0,0,5
11100 < 11200,RRc,0,0,0,2,0,0,0,0,0,0,2
11200 < 11300,RRab,0,0,5,0,0,0,0,0,0,0,5
11300 < 11400,RRab,0,0,3,0,0,0,0,0,0,0,3
11300 < 11400,RRc,0,0,0,2,0,0,0,0,0,0,2
11400 < 11500,RRab,0,0,1,0,0,0,0,0,0,0,1
11400 < 11500,RRc,0,0,0,1,0,0,0,0,0,0,1
11500 < 11600,RRab,0,0,4,0,0,0,0,0,0,0,4
11600 < 11700,RRab,0,0,2,0,0,0,0,0,0,0,2
11600 < 11700,RRc,0,0,0,3,0,0,0,0,0,0,3
11600 < 11700,t2Cep,0,0,0,0,0,0,0,0,0,1,1
11700 < 11800,RRab,0,0,7,0,0,0,0,0,0,0,7
11700 < 11800,RRc,0,0,0,5,0,0,0,0,0,0,5
11700 < 11800,t2Cep,0,0,0,0,0,0,0,0,0,1,1
11800 < 11900,RRab,0,0,5,0,0,0,0,0,0,0,5
11800 < 11900,RRc,0,0,1,0,0,0,0,0,0,0,1
11900 < 12000,RRab,0,0,9,0,0,0,0,0,0,0,9
1200 < 1300,Mira,197,0,0,0,0,0,0,0,0,0,197
1200 < 1300,RRab,0,0,22,0,0,0,0,0,0,0,22
1200 < 1300,RRc,0,0,0,12,0,0,0,0,0,0,12
1200 < 1300,SRV,0,0,0,0,23,0,0,0,0,0,23
1200 < 1300,contactBinary,0,0,0,0,0,0,2,0,0,0,2
1200 < 1300,detachedBinary,0,0,1,0,0,0,0,2,0,0,3
1200 < 1300,dsct,0,1,1,0,0,0,1,0,23,0,26
1200 < 1300,t2Cep,1,0,0,0,0,0,0,0,0,3,4
12000 < 12100,RRab,0,0,9,0,0,0,0,0,0,0,9
12000 < 12100,RRc,0,0,0,4,0,0,0,0,0,0,4
12000 < 12100,contactBinary,0,0,0,0,0,0,1,0,0,0,1
12100 < 12200,RRab,0,0,10,0,0,0,1,0,0,1,12
12100 < 12200,RRc,0,0,0,2,0,0,0,0,0,0,2
12200 < 12300,RRab,0,0,6,0,0,0,0,0,0,0,6
12200 < 12300,RRc,0,0,0,4,0,0,0,0,0,0,4
12300 < 12400,RRab,0,0,11,0,0,0,0,0,0,1,12
12300 < 12400,RRc,0,0,0,2,0,0,0,0,0,0,2
12400 < 12500,RRab,0,0,8,0,0,0,1,0,0,0,9
12400 < 12500,RRc,0,0,0,3,0,0,0,0,0,0,3
12500 < 12600,RRab,0,0,15,0,0,0,0,0,0,0,15
12500 < 12600,RRc,0,0,0,8,0,0,0,0,0,0,8
12500 < 12600,contactBinary,0,0,0,0,0,0,1,0,0,0,1
12600 < 12700,RRab,0,0,13,0,0,0,0,0,0,0,13
12600 < 12700,RRc,0,0,2,9,0,0,0,0,0,0,11
12600 < 12700,t2Cep,0,0,0,0,0,0,0,0,0,3,3
12700 < 12800,RRab,0,0,120,1,0,0,0,0,0,0,121
12700 < 12800,RRc,0,0,0,52,0,0,0,0,0,0,52
12700 < 12800,detachedBinary,0,0,0,0,0,0,0,1,0,0,1
12700 < 12800,t2Cep,0,0,0,0,0,0,0,0,0,4,4
12800 < 12900,RRab,0,0,12,0,0,0,0,0,0,0,12
12800 < 12900,contactBinary,0,0,0,0,0,0,1,0,0,0,1
12900 < 13000,RRab,0,0,8,0,0,0,0,0,0,0,8
12900 < 13000,RRc,0,0,0,4,0,0,0,0,0,0,4
1300 < 1400,Mira,450,0,0,0,0,0,0,0,0,0,450
1300 < 1400,RRab,0,0,36,1,0,0,0,0,0,0,37
1300 < 1400,RRc,0,0,1,19,0,0,0,0,0,0,20
1300 < 1400,SRV,0,0,0,0,8,0,0,0,0,0,8
1300 < 1400,clasCep,0,0,1,0,0,0,0,0,0,0,1
1300 < 1400,contactBinary,0,0,0,0,0,0,3,0,0,0,3
1300 < 1400,dsct,0,0,1,0,0,0,1,0,15,0,17
1300 < 1400,t2Cep,0,0,0,0,0,0,0,0,0,3,3
13000 < 13100,RRab,0,0,10,0,0,0,0,0,0,0,10
13000 < 13100,RRc,0,0,0,6,0,0,0,0,0,0,6
13100 < 13200,RRab,0,0,34,0,0,0,0,0,0,0,34
13100 < 13200,RRc,0,0,0,16,0,0,0,0,0,0,16
13100 < 13200,t2Cep,0,0,0,0,0,0,0,0,0,1,1
13200 < 13300,RRab,0,0,12,0,0,0,0,0,0,0,12
13200 < 13300,RRc,0,0,0,2,0,0,0,1,0,0,3
13200 < 13300,t2Cep,0,0,1,0,0,0,0,0,0,0,1
13300 < 13400,RRab,0,0,13,0,0,0,0,0,0,0,13
13300 < 13400,RRc,0,0,0,2,0,0,0,0,0,0,2
13400 < 13500,RRab,0,0,7,0,0,0,0,0,0,0,7
13400 < 13500,RRc,0,0,0,5,0,0,0,0,0,0,5
13400 < 13500,t2Cep,0,0,0,0,0,0,0,0,0,1,1
13500 < 13600,RRab,0,0,14,0,0,0,0,0,0,0,14
13500 < 13600,RRc,0,0,1,6,0,0,0,0,0,0,7
13500 < 13600,t2Cep,0,0,0,0,0,0,0,0,0,1,1
13600 < 13700,RRab,0,0,33,0,0,0,0,0,0,0,33
13600 < 13700,RRc,0,0,0,16,0,0,0,1,0,0,17
13600 < 13700,t2Cep,0,0,0,0,0,0,0,0,0,2,2
13700 < 13800,RRab,0,0,77,0,0,0,0,0,0,0,77
13700 < 13800,RRc,0,0,1,26,0,0,0,0,0,0,27
13700 < 13800,t2Cep,0,0,0,0,0,0,0,0,0,4,4
13800 < 13900,RRab,0,0,541,0,0,0,0,0,0,1,542
13800 < 13900,RRc,0,0,2,180,0,0,0,1,0,0,183
13800 < 13900,clasCep,0,0,0,0,0,1,0,0,0,0,1
13800 < 13900,t2Cep,1,0,1,0,0,0,0,0,0,30,32
13900 < 14000,RRab,0,0,6,0,0,0,0,0,0,0,6
13900 < 14000,RRc,0,0,0,2,0,0,0,0,0,0,2
13900 < 14000,t2Cep,0,0,1,0,0,0,0,0,0,0,1
1400 < 1500,Mira,242,0,0,0,0,0,0,0,0,0,242
1400 < 1500,RRab,0,0,115,1,0,0,0,0,0,0,116
1400 < 1500,RRc,0,0,3,52,0,0,0,0,0,0,55
1400 < 1500,SRV,0,0,0,0,19,0,0,0,0,0,19
1400 < 1500,contactBinary,0,0,1,0,0,0,3,0,0,0,4
1400 < 1500,detachedBinary,0,0,1,0,0,0,1,10,0,0,12
1400 < 1500,dsct,0,0,1,0,0,0,0,0,15,0,16
1400 < 1500,t2Cep,0,0,1,0,0,0,0,0,0,4,5
14000 < 14100,RRab,0,0,7,0,0,0,0,0,0,0,7
14000 < 14100,RRc,0,0,0,1,0,0,0,0,0,0,1
14100 < 14200,RRab,0,0,4,0,0,0,0,0,0,0,4
14100 < 14200,RRc,0,0,0,1,0,0,0,0,0,0,1
14200 < 14300,RRab,0,0,8,0,0,0,0,0,0,0,8
14200 < 14300,RRc,0,0,0,6,0,0,0,0,0,0,6
14200 < 14300,t2Cep,0,0,0,0,0,0,0,0,0,1,1
14300 < 14400,RRab,0,0,7,0,0,0,0,0,0,0,7
14300 < 14400,RRc,0,0,0,7,0,0,0,0,0,0,7
14400 < 14500,RRab,0,0,10,0,0,0,0,0,0,0,10
14400 < 14500,RRc,0,0,0,3,0,0,0,0,0,0,3
14400 < 14500,t2Cep,0,0,0,0,0,0,0,0,0,1,1
14500 < 14600,RRab,0,0,8,0,0,0,0,0,0,0,8
14500 < 14600,RRc,0,0,0,2,0,0,0,0,0,0,2
14500 < 14600,t2Cep,0,0,0,0,0,0,0,0,0,2,2
14600 < 14700,RRab,0,0,7,0,0,0,0,0,0,0,7
14600 < 14700,RRc,0,0,0,2,0,0,0,0,0,0,2
14600 < 14700,t2Cep,0,0,0,0,0,0,0,0,0,1,1
14700 < 14800,RRab,0,0,7,0,0,0,0,0,0,0,7
14700 < 14800,RRc,0,0,0,6,0,0,0,0,0,0,6
14800 < 14900,RRab,0,0,46,0,0,0,0,0,0,0,46
14800 < 14900,RRc,0,0,1,17,0,0,0,0,0,0,18
14800 < 14900,t2Cep,0,0,0,0,0,0,0,0,0,1,1
14900 < 15000,RRab,0,0,262,0,0,0,0,0,0,0,262
14900 < 15000,RRc,0,0,0,125,0,0,0,0,0,0,125
14900 < 15000,clasCep,0,0,0,0,0,1,0,0,0,0,1
14900 < 15000,t2Cep,0,0,0,0,0,0,0,0,0,8,8
1500 < 1600,Mira,29,0,0,0,0,0,0,0,0,0,29
1500 < 1600,RRab,0,0,307,6,0,0,0,0,0,0,313
1500 < 1600,RRc,0,0,9,139,0,0,1,0,0,0,149
1500 < 1600,contactBinary,0,0,0,0,0,0,3,0,0,0,3
1500 < 1600,detachedBinary,0,0,0,0,0,0,0,9,0,0,9
1500 < 1600,dsct,0,0,0,0,0,0,1,0,11,0,12
1500 < 1600,t2Cep,1,0,3,0,0,0,0,0,0,13,17
15000 < 15100,RRab,0,0,39,0,0,0,0,0,0,0,39
15000 < 15100,RRc,0,0,0,10,0,0,0,0,0,0,10
15000 < 15100,clasCep,0,0,0,1,0,0,0,0,0,0,1
15000 < 15100,t2Cep,0,0,0,0,0,0,0,0,0,4,4
1600 < 1700,Mira,60,0,1,0,0,0,0,0,0,0,61
1600 < 1700,RRab,0,0,242,5,0,0,0,0,0,0,247
1600 < 1700,RRc,0,0,6,78,0,0,0,0,0,0,84
1600 < 1700,clasCep,0,0,0,0,0,2,0,0,0,0,2
1600 < 1700,dsct,0,0,0,0,0,0,0,0,1,0,1
1600 < 1700,t2Cep,0,0,0,0,0,0,0,0,0,10,10
1700 < 1800,Mira,60,0,0,0,0,0,0,0,0,0,60
1700 < 1800,RRab,0,0,261,4,1,0,0,1,0,0,267
1700 < 1800,RRc,0,0,6,114,0,0,0,0,0,0,120
1700 < 1800,clasCep,0,0,1,0,0,2,0,0,0,0,3
1700 < 1800,dsct,0,0,0,0,0,0,0,1,0,0,1
1700 < 1800,t2Cep,0,0,1,0,0,0,0,0,0,10,11
1800 < 1900,Mira,35,0,0,0,0,0,0,0,0,0,35
1800 < 1900,RRab,0,0,151,2,0,0,0,0,0,0,153
1800 < 1900,RRc,0,0,1,61,0,0,0,0,0,0,62
1800 < 1900,clasCep,0,0,0,1,0,0,0,0,0,0,1
1800 < 1900,dsct,0,0,0,0,0,0,1,0,0,0,1
1800 < 1900,t2Cep,0,0,1,0,0,0,0,0,0,13,14
1900 < 2000,Mira,5,0,1,0,0,0,0,0,0,0,6
1900 < 2000,RRab,0,0,458,7,0,0,0,1,0,0,466
1900 < 2000,RRc,0,0,16,195,0,0,0,0,0,0,211
1900 < 2000,clasCep,0,0,0,0,0,1,0,0,0,0,1
1900 < 2000,contactBinary,0,0,0,0,0,0,1,0,0,0,1
1900 < 2000,dsct,0,0,0,0,0,0,0,0,1,0,1
1900 < 2000,t2Cep,2,0,3,0,0,0,1,1,0,24,31
200 < 300,Mira,621,0,0,0,1,0,0,0,0,0,622
200 < 300,OSARG,0,447,0,0,22,0,1,1,0,0,471
200 < 300,RRab,0,0,167,4,0,3,4,1,0,2,181
200 < 300,RRc,0,0,3,76,0,1,3,0,0,0,83
200 < 300,SRV,4,9,3,2,934,3,39,1,0,2,997
200 < 300,clasCep,0,0,1,1,1,146,3,0,2,0,154
200 < 300,contactBinary,0,0,4,2,0,1,1327,122,0,0,1456
200 < 300,detachedBinary,0,1,0,2,0,0,29,1642,0,1,1675
200 < 300,dsct,0,0,0,0,0,0,1,0,14,0,15
200 < 300,t2Cep,1,0,2,0,0,0,1,1,0,35,40
2000 < 2100,Mira,5,0,2,0,0,0,0,0,0,0,7
2000 < 2100,RRab,0,0,8,0,0,0,0,0,0,0,8
2000 < 2100,RRc,0,0,0,4,0,0,0,0,0,0,4
2000 < 2100,contactBinary,0,0,0,0,0,0,2,0,0,0,2
2000 < 2100,detachedBinary,0,0,0,0,0,0,0,1,0,0,1
2000 < 2100,dsct,0,0,0,0,0,0,1,0,0,0,1
2000 < 2100,t2Cep,0,0,1,0,0,0,0,0,0,4,5
2100 < 2200,Mira,18,0,0,0,0,0,0,0,0,0,18
2100 < 2200,RRab,0,0,4,0,0,0,0,0,0,0,4
2100 < 2200,RRc,0,0,0,1,0,0,0,0,0,0,1
2100 < 2200,contactBinary,0,0,0,0,0,0,1,0,0,0,1
2100 < 2200,t2Cep,0,0,0,0,0,0,0,0,0,1,1
2200 < 2300,Mira,19,0,1,0,0,0,0,0,0,0,20
2200 < 2300,RRab,0,0,3,0,0,0,0,0,0,0,3
2200 < 2300,RRc,0,0,0,2,0,0,0,0,0,0,2
2200 < 2300,contactBinary,0,0,0,0,0,0,1,0,0,0,1
2300 < 2400,Mira,60,0,0,0,0,0,0,0,0,0,60
2300 < 2400,RRab,0,0,3,0,0,0,1,0,0,0,4
2300 < 2400,RRc,0,0,0,2,0,0,0,0,0,0,2
2300 < 2400,clasCep,1,0,0,0,0,0,0,0,0,0,1
2400 < 2500,Mira,13,0,0,0,0,0,0,0,0,0,13
2400 < 2500,RRab,0,0,4,0,0,0,0,0,0,0,4
2400 < 2500,RRc,0,0,0,5,0,0,0,0,0,0,5
2500 < 2600,Mira,35,0,0,0,0,0,0,0,0,0,35
2500 < 2600,RRab,0,0,2,0,0,0,0,0,0,0,2
2500 < 2600,RRc,0,0,0,6,0,0,0,0,0,0,6
2500 < 2600,contactBinary,0,0,0,0,0,0,2,0,0,0,2
2600 < 2700,Mira,13,0,0,0,0,0,0,0,0,0,13
2600 < 2700,RRab,0,0,2,0,0,0,0,0,0,0,2
2600 < 2700,RRc,0,0,0,1,0,0,0,0,0,0,1
2600 < 2700,contactBinary,0,0,1,0,0,0,2,1,0,0,4
2600 < 2700,t2Cep,0,0,1,0,0,0,0,0,0,1,2
2700 < 2800,Mira,118,0,0,0,0,0,0,0,0,0,118
2700 < 2800,RRab,0,0,5,0,0,0,0,0,0,0,5
2700 < 2800,RRc,0,0,0,3,0,0,0,0,0,0,3
2700 < 2800,contactBinary,0,0,0,0,0,0,7,0,0,0,7
2800 < 2900,Mira,31,0,0,0,0,0,0,0,0,0,31
2800 < 2900,RRab,0,0,4,0,0,0,0,0,0,0,4
2800 < 2900,RRc,0,0,0,1,0,0,0,0,0,0,1
2800 < 2900,contactBinary,0,0,0,0,0,0,1,0,0,0,1
2900 < 3000,Mira,37,0,0,0,0,0,0,0,0,0,37
2900 < 3000,RRab,0,0,5,0,0,0,0,0,0,0,5
2900 < 3000,RRc,0,0,0,2,0,0,0,0,0,0,2
2900 < 3000,t2Cep,0,0,0,0,0,0,0,0,0,1,1
300 < 400,Mira,708,0,0,0,0,0,0,0,0,0,708
300 < 400,OSARG,0,1239,0,0,46,0,0,0,0,0,1285
300 < 400,RRab,0,0,157,2,0,3,1,0,0,1,164
300 < 400,RRc,0,0,2,72,0,0,2,0,0,0,76
300 < 400,SRV,8,20,0,0,1623,7,0,1,0,0,1659
300 < 400,clasCep,0,0,2,2,0,121,2,0,0,1,128
300 < 400,contactBinary,0,0,2,0,0,0,1438,6,2,0,1448
300 < 400,detachedBinary,0,0,2,1,0,0,15,128,0,0,146
300 < 400,dsct,0,0,0,0,0,0,0,0,69,0,69
300 < 400,t2Cep,0,1,3,0,1,0,3,0,0,43,51
3000 < 3100,Mira,5,0,0,0,0,0,0,0,0,0,5
3000 < 3100,RRab,0,0,1,0,0,0,0,0,0,0,1
3000 < 3100,contactBinary,0,0,0,0,0,0,8,0,0,0,8
3100 < 3200,RRab,0,0,4,0,0,0,0,0,0,0,4
3100 < 3200,contactBinary,0,0,0,0,0,0,1,0,0,0,1
3200 < 3300,RRab,0,0,4,0,0,0,0,0,0,0,4
3200 < 3300,RRc,0,0,0,1,0,0,0,0,0,0,1
3200 < 3300,contactBinary,0,0,0,0,0,0,1,0,0,0,1
3200 < 3300,detachedBinary,0,0,0,0,0,0,1,0,0,0,1
3300 < 3400,RRab,0,0,3,0,0,0,1,0,0,0,4
3300 < 3400,contactBinary,0,0,0,0,0,0,2,0,0,0,2
3300 < 3400,t2Cep,0,0,0,0,0,0,0,0,0,1,1
3400 < 3500,RRab,0,0,4,1,0,0,0,0,0,0,5
3400 < 3500,contactBinary,0,0,0,0,0,0,1,0,0,0,1
3500 < 3600,RRab,0,0,4,0,0,0,0,0,0,0,4
3500 < 3600,RRc,0,0,0,2,0,0,0,0,0,0,2
3500 < 3600,contactBinary,0,0,0,0,0,0,2,0,0,0,2
3500 < 3600,t2Cep,0,0,0,0,0,0,0,0,0,1,1
3600 < 3700,RRab,0,0,3,0,0,0,0,0,0,0,3
3600 < 3700,contactBinary,0,0,0,0,0,0,3,0,0,0,3
3600 < 3700,t2Cep,0,0,0,0,0,0,0,0,0,2,2
3700 < 3800,RRab,0,0,5,0,0,0,0,0,0,0,5
3700 < 3800,RRc,0,0,0,6,0,0,0,0,0,0,6
3700 < 3800,contactBinary,0,0,0,0,0,0,5,0,0,1,6
3800 < 3900,RRab,0,0,1,0,0,0,0,0,0,0,1
3800 < 3900,RRc,0,0,0,4,0,0,0,0,0,0,4
3800 < 3900,contactBinary,0,0,0,0,0,0,9,0,0,0,9
3900 < 4000,RRab,0,0,3,0,0,0,0,0,0,0,3
3900 < 4000,RRc,0,0,0,2,0,0,0,0,0,0,2
3900 < 4000,contactBinary,0,0,1,0,0,0,8,0,0,0,9
400 < 500,Mira,193,0,0,0,0,0,0,0,0,0,193
400 < 500,OSARG,0,1,0,0,0,0,0,0,0,0,1
400 < 500,RRab,0,0,329,9,0,1,1,0,1,1,342
400 < 500,RRc,0,0,4,135,0,0,0,0,0,0,139
400 < 500,SRV,0,0,0,0,198,0,0,0,0,1,199
400 < 500,clasCep,0,0,3,0,0,1308,0,0,2,0,1313
400 < 500,contactBinary,0,0,3,1,0,0,1047,90,0,1,1142
400 < 500,detachedBinary,0,0,1,1,1,0,17,1178,0,0,1198
400 < 500,dsct,0,0,0,0,0,0,0,0,1357,0,1357
400 < 500,t2Cep,0,0,9,2,0,0,3,0,1,41,56
4000 < 4100,RRab,0,0,7,0,0,0,0,0,0,0,7
4000 < 4100,RRc,0,0,0,1,0,0,0,0,0,0,1
4000 < 4100,contactBinary,0,0,1,0,0,0,6,0,0,0,7
4100 < 4200,RRab,0,0,3,1,0,0,0,0,0,0,4
4100 < 4200,RRc,0,0,0,3,0,0,0,0,0,0,3
4100 < 4200,contactBinary,0,0,0,1,0,0,4,2,0,0,7
4100 < 4200,t2Cep,0,0,0,0,0,0,0,0,0,1,1
4200 < 4300,RRc,0,0,0,3,0,0,0,0,0,0,3
4200 < 4300,contactBinary,0,0,0,0,0,0,14,0,0,0,14
4300 < 4400,RRab,0,0,4,0,0,0,0,0,0,0,4
4300 < 4400,RRc,0,0,0,1,0,0,0,0,0,0,1
4300 < 4400,contactBinary,0,0,2,0,0,0,12,0,0,0,14
4300 < 4400,t2Cep,0,0,0,0,0,0,0,0,0,1,1
4400 < 4500,RRab,0,0,6,0,0,0,0,0,0,0,6
4400 < 4500,RRc,0,0,0,5,0,0,0,0,0,0,5
4400 < 4500,contactBinary,0,0,0,0,0,0,31,0,0,0,31
4500 < 4600,RRab,0,0,6,0,0,0,0,0,0,0,6
4500 < 4600,RRc,0,0,0,2,0,0,0,0,0,0,2
4500 < 4600,contactBinary,0,0,0,2,0,0,39,0,0,0,41
4500 < 4600,t2Cep,0,0,0,0,0,0,0,0,0,1,1
4600 < 4700,RRab,0,0,8,0,0,0,0,0,0,0,8
4600 < 4700,RRc,0,0,0,1,0,0,0,0,0,0,1
4600 < 4700,contactBinary,0,0,0,0,0,0,39,0,0,0,39
4700 < 4800,RRab,0,0,5,0,0,0,0,0,0,0,5
4700 < 4800,RRc,0,0,0,2,0,0,0,0,0,0,2
4700 < 4800,contactBinary,0,0,0,0,0,0,233,0,0,0,233
4800 < 4900,RRab,0,0,7,0,0,0,1,0,0,0,8
4800 < 4900,RRc,0,0,0,3,0,0,0,0,0,0,3
4800 < 4900,contactBinary,0,0,0,0,0,0,388,0,0,0,388
4800 < 4900,detachedBinary,0,0,0,0,0,0,1,4,0,0,5
4800 < 4900,t2Cep,0,0,0,0,0,0,0,0,0,1,1
4900 < 5000,RRab,0,0,9,0,0,0,0,0,0,0,9
4900 < 5000,RRc,0,0,0,1,0,0,0,0,0,0,1
4900 < 5000,contactBinary,0,0,0,1,0,0,1,1,0,0,3
4900 < 5000,detachedBinary,0,0,1,0,0,0,1,3,0,0,5
4900 < 5000,t2Cep,0,0,0,0,0,0,0,0,0,2,2
500 < 600,Mira,325,0,0,0,1,0,0,0,0,0,326
500 < 600,OSARG,0,17,0,0,0,0,0,0,0,0,17
500 < 600,RRab,0,0,194,6,0,1,3,1,2,0,207
500 < 600,RRc,0,0,5,82,0,0,1,0,0,0,88
500 < 600,SRV,0,0,0,0,191,0,0,0,0,0,191
500 < 600,clasCep,0,0,0,2,0,134,1,0,0,1,138
500 < 600,contactBinary,0,0,1,0,0,0,1833,252,0,0,2086
500 < 600,detachedBinary,0,0,2,0,0,0,60,4301,0,0,4363
500 < 600,dsct,0,0,0,0,0,0,0,0,167,0,167
500 < 600,t2Cep,0,0,6,0,0,0,3,0,0,55,64
5000 < 5100,RRab,0,0,3,0,0,0,1,0,0,0,4
5000 < 5100,RRc,0,0,0,2,0,0,0,0,0,0,2
5000 < 5100,t2Cep,0,0,0,0,0,0,0,0,0,2,2
5100 < 5200,RRab,0,0,7,0,0,0,0,0,0,0,7
5100 < 5200,RRc,0,0,1,8,0,0,0,0,0,0,9
5200 < 5300,RRab,0,0,4,0,0,0,0,0,0,0,4
5200 < 5300,RRc,0,0,0,4,0,0,0,0,0,0,4
5200 < 5300,t2Cep,0,0,0,0,0,0,0,0,0,1,1
5300 < 5400,RRab,0,0,11,1,0,0,0,0,0,0,12
5300 < 5400,RRc,0,0,0,5,0,0,0,0,0,0,5
5400 < 5500,RRab,0,0,9,0,0,0,0,0,0,0,9
5400 < 5500,RRc,0,0,0,7,0,0,0,0,0,0,7
5500 < 5600,RRab,0,0,13,0,0,0,0,0,0,0,13
5500 < 5600,RRc,0,0,0,8,0,0,0,0,0,0,8
5500 < 5600,t2Cep,1,0,0,0,0,0,0,0,0,2,3
5600 < 5700,RRab,0,0,39,1,0,0,0,0,0,0,40
5600 < 5700,RRc,0,0,2,16,0,0,0,0,0,0,18
5600 < 5700,t2Cep,0,0,1,0,0,0,0,0,0,1,2
5700 < 5800,RRab,0,0,74,0,0,0,0,0,0,0,74
5700 < 5800,RRc,0,0,1,25,0,0,0,0,0,0,26
5700 < 5800,t2Cep,0,0,0,0,0,0,0,0,0,3,3
5800 < 5900,RRab,0,0,125,2,0,0,0,0,0,0,127
5800 < 5900,RRc,0,0,0,48,0,0,0,0,0,0,48
5800 < 5900,clasCep,0,0,1,0,0,0,0,0,0,0,1
5800 < 5900,t2Cep,0,0,1,0,0,0,1,0,0,12,14
5900 < 6000,RRab,0,0,326,1,0,0,0,0,0,0,327
5900 < 6000,RRc,0,0,2,144,0,0,0,0,0,0,146
5900 < 6000,t2Cep,0,0,3,0,0,0,1,0,0,13,17
600 < 700,Mira,380,0,0,0,0,0,0,0,0,0,380
600 < 700,OSARG,0,43,0,0,0,0,0,0,0,0,43
600 < 700,RRab,0,0,470,12,0,0,1,1,0,0,484
600 < 700,RRc,0,0,11,167,0,0,0,0,0,1,179
600 < 700,SRV,1,0,0,0,338,0,0,0,0,0,339
600 < 700,clasCep,0,0,2,0,0,1326,0,0,0,1,1329
600 < 700,contactBinary,0,0,1,0,0,0,182,1,0,0,184
600 < 700,detachedBinary,0,0,1,0,0,0,2,13,0,0,16
600 < 700,dsct,0,0,0,0,0,0,0,1,376,0,377
600 < 700,t2Cep,0,0,5,0,0,0,6,1,0,77,89
6000 < 6100,RRab,0,0,328,1,0,0,0,0,0,1,330
6000 < 6100,RRc,0,0,3,141,0,0,0,0,0,0,144
6000 < 6100,t2Cep,0,0,0,0,0,0,0,0,0,15,15
6100 < 6200,RRab,0,0,6,0,0,0,1,0,0,0,7
6100 < 6200,RRc,0,0,0,4,0,0,0,0,0,0,4
6200 < 6300,RRab,0,0,7,1,0,0,0,0,0,0,8
6200 < 6300,RRc,0,0,0,5,0,0,0,0,0,1,6
6200 < 6300,t2Cep,0,0,0,0,0,0,0,0,0,2,2
6300 < 6400,RRab,0,0,10,0,0,0,0,0,0,0,10
6300 < 6400,RRc,0,0,0,7,0,0,0,0,0,1,8
6300 < 6400,t2Cep,0,0,0,0,0,0,0,0,0,1,1
6400 < 6500,RRab,0,0,11,0,0,0,1,0,0,0,12
6400 < 6500,RRc,0,0,0,7,0,0,0,0,0,0,7
6400 < 6500,t2Cep,0,0,0,0,0,0,0,0,0,2,2
6500 < 6600,RRab,0,0,112,0,0,0,0,0,0,0,112
6500 < 6600,RRc,0,0,2,51,0,0,0,0,0,0,53
6500 < 6600,t2Cep,0,0,2,0,0,0,0,0,0,6,8
6600 < 6700,RRab,0,0,94,0,0,0,0,0,0,0,94
6600 < 6700,RRc,0,0,2,31,0,0,0,0,0,0,33
6600 < 6700,t2Cep,0,0,0,0,0,0,0,0,0,6,6
6700 < 6800,RRab,0,0,21,1,0,0,0,0,0,0,22
6700 < 6800,RRc,0,0,0,9,0,0,0,0,0,0,9
6700 < 6800,clasCep,0,0,0,0,0,1,0,0,0,0,1
6700 < 6800,t2Cep,0,0,1,0,0,0,0,0,0,20,21
6800 < 6900,RRab,0,0,3,0,0,0,0,0,0,0,3
6900 < 7000,RRab,0,0,1,0,0,0,0,0,0,0,1
700 < 800,Mira,550,0,0,0,1,0,0,0,0,0,551
700 < 800,OSARG,0,91,0,0,2,0,0,0,0,0,93
700 < 800,RRab,0,0,194,5,0,0,6,4,0,0,209
700 < 800,RRc,0,0,5,89,0,0,0,3,0,0,97
700 < 800,SRV,2,3,0,0,477,0,0,0,0,0,482
700 < 800,clasCep,0,0,1,0,0,1267,1,0,0,2,1271
700 < 800,contactBinary,0,0,0,0,0,0,1,0,0,0,1
700 < 800,detachedBinary,0,0,0,0,0,0,1,4,0,0,5
700 < 800,dsct,0,0,0,0,0,0,0,0,213,0,213
700 < 800,t2Cep,0,0,3,0,0,0,5,0,0,53,61
7000 < 7100,RRab,0,0,2,0,1,0,0,0,0,0,3
7100 < 7200,RRab,0,0,1,0,0,0,0,0,0,0,1
7100 < 7200,RRc,0,0,0,3,0,0,0,0,0,0,3
7100 < 7200,contactBinary,0,0,0,0,0,0,1,0,0,0,1
7100 < 7200,detachedBinary,0,0,0,0,0,0,0,1,0,0,1
7200 < 7300,RRab,0,0,2,0,0,0,0,0,0,0,2
7300 < 7400,RRab,0,0,3,0,0,0,0,0,0,0,3
7300 < 7400,RRc,0,0,0,1,0,0,0,0,0,0,1
7300 < 7400,t2Cep,0,0,0,0,0,0,0,0,0,1,1
7400 < 7500,RRab,0,0,5,0,0,0,0,0,0,0,5
7500 < 7600,RRab,0,0,3,0,0,0,0,0,0,0,3
7500 < 7600,RRc,0,0,0,1,0,0,0,0,0,0,1
7600 < 7700,RRab,0,0,1,0,0,0,0,0,0,0,1
7700 < 7800,RRab,0,0,2,0,0,0,0,0,0,0,2
7700 < 7800,RRc,0,0,0,2,0,0,0,0,0,0,2
7700 < 7800,t2Cep,0,0,0,0,0,0,0,0,0,1,1
7800 < 7900,RRab,0,0,4,0,0,0,0,0,0,0,4
7800 < 7900,RRc,0,0,0,1,0,0,0,0,0,0,1
7900 < 8000,RRab,0,0,4,0,0,0,0,0,0,0,4
7900 < 8000,RRc,0,0,0,1,0,0,0,0,0,0,1
800 < 900,Mira,352,0,0,0,0,0,0,0,0,0,352
800 < 900,RRab,0,0,513,12,0,0,8,1,1,0,535
800 < 900,RRc,0,0,9,206,0,0,6,0,0,0,221
800 < 900,SRV,4,0,0,0,939,0,0,0,0,0,943
800 < 900,clasCep,0,0,0,0,0,9,0,1,0,3,13
800 < 900,contactBinary,0,0,1,0,0,0,0,0,0,0,1
800 < 900,dsct,0,0,2,0,0,0,0,0,156,0,158
800 < 900,t2Cep,0,0,2,3,0,0,3,0,0,83,91
8000 < 8100,RRab,0,0,1,0,0,0,0,0,0,0,1
8000 < 8100,RRc,0,0,0,3,0,0,0,0,0,0,3
8100 < 8200,RRab,0,0,4,0,0,0,0,0,0,0,4
8200 < 8300,RRab,0,0,5,0,0,0,0,0,0,0,5
8200 < 8300,RRc,0,0,0,2,0,0,0,0,0,0,2
8200 < 8300,t2Cep,0,0,0,0,0,0,0,0,0,1,1
8300 < 8400,RRab,0,0,4,0,0,0,0,0,0,0,4
8300 < 8400,RRc,0,0,0,1,0,0,0,0,0,0,1
8400 < 8500,RRab,0,0,4,0,0,0,0,0,0,0,4
8500 < 8600,RRab,0,0,9,0,0,0,0,0,0,0,9
8500 < 8600,RRc,0,0,0,3,0,0,0,0,0,0,3
8600 < 8700,RRab,0,0,24,0,0,0,0,0,0,0,24
8600 < 8700,RRc,0,0,0,7,0,0,0,0,0,0,7
8600 < 8700,t2Cep,0,0,0,1,0,0,0,0,0,0,1
8700 < 8800,RRab,0,0,5,0,0,0,0,0,0,0,5
8700 < 8800,RRc,0,0,0,1,0,0,0,0,0,0,1
8800 < 8900,RRab,0,0,2,0,0,0,0,0,0,0,2
8800 < 8900,RRc,0,0,0,2,0,0,0,0,0,0,2
8900 < 9000,RRab,0,0,6,0,0,0,0,0,0,0,6
8900 < 9000,clasCep,0,0,0,1,0,0,0,0,0,0,1
900 < 1000,Mira,227,0,0,0,0,0,0,0,0,0,227
900 < 1000,RRab,0,0,153,2,0,0,0,1,0,0,156
900 < 1000,RRc,0,0,3,44,0,0,1,0,0,0,48
900 < 1000,SRV,1,0,0,0,42,0,0,0,0,0,43
900 < 1000,clasCep,0,0,0,0,0,2,0,0,0,0,2
900 < 1000,contactBinary,0,0,0,0,0,0,1,0,0,0,1
900 < 1000,detachedBinary,0,0,0,0,0,0,0,1,0,0,1
900 < 1000,dsct,0,0,1,0,0,0,0,0,169,0,170
900 < 1000,t2Cep,0,0,3,1,0,0,0,0,0,4,8
9000 < 9100,RRab,0,0,4,1,0,0,0,0,0,0,5
9000 < 9100,RRc,0,0,0,1,0,0,0,0,0,0,1
9000 < 9100,clasCep,0,0,0,0,0,1,0,0,0,0,1
9000 < 9100,t2Cep,0,0,1,0,0,0,0,0,0,0,1
9100 < 9200,RRab,0,0,11,0,0,0,0,0,0,0,11
9100 < 9200,RRc,0,0,0,3,0,0,0,0,0,0,3
9100 < 9200,t2Cep,0,0,0,0,0,0,0,0,0,1,1
9200 < 9300,RRab,0,0,14,1,0,0,0,0,0,0,15
9200 < 9300,RRc,0,0,0,9,0,0,0,0,0,0,9
9300 < 9400,RRab,0,0,208,2,0,0,0,0,0,0,210
9300 < 9400,RRc,0,0,1,98,0,0,0,0,0,0,99
9300 < 9400,t2Cep,0,0,0,0,0,0,0,0,0,12,12
9400 < 9500,RRab,0,0,2,0,0,0,0,0,0,0,2
9500 < 9600,RRab,0,0,3,0,0,0,0,0,0,0,3
9500 < 9600,RRc,0,0,0,1,0,0,0,0,0,0,1
9600 < 9700,RRc,0,0,1,3,0,0,0,0,0,0,4
9700 < 9800,RRab,0,0,2,0,0,0,0,0,0,0,2
9700 < 9800,RRc,0,0,1,0,0,0,0,0,0,0,1
9700 < 9800,t2Cep,0,0,0,0,0,0,0,0,0,1,1
9800 < 9900,RRab,0,0,2,0,0,0,0,0,0,0,2
9800 < 9900,RRc,0,0,0,1,0,0,0,0,0,0,1
9900 < 10000,RRab,0,0,1,0,0,0,0,0,0,0,1
All,,8495,8061,10189,3987,9273,7043,51614,17165,2784,7150,125761
